{
  "metadata": {
    "name": "Vlog Truyện",
    "author": "Phuoc",
    "version": 1,
    "source": "https://vlogtruyen34.com",
    "regexp": "(www.)?vlogtruyen\\d+.*?/[^/]+.html",
    "description": "Đọc truyện tại vlogtruyen",
    "locale": "vi_VN",
    "language": "javascript",
    "type": "comic"
  },
  "script": {
    "home": "home.js",
    "genre": "genre.js",
    "detail": "detail.js",
    "search": "search.js",
    "toc": "toc.js",
    "chap": "chap.js"
  }
}